{
  "accuracy": [
    0.847000002861023,
    0.9551110863685608,
    0.9663518667221069,
    0.9712592363357544,
    0.9753333330154419,
    0.9772592782974243,
    0.9802777767181396,
    0.9802036881446838
  ],
  "loss": [
    0.4713621735572815,
    0.14736086130142212,
    0.11080395430326462,
    0.09544439613819122,
    0.08217025548219681,
    0.07426238059997559,
    0.0656261146068573,
    0.06578319519758224
  ],
  "val_accuracy": [
    0.9833333492279053,
    0.984666645526886,
    0.9871666431427002,
    0.9866666793823242,
    0.9904999732971191,
    0.9898333549499512,
    0.9904999732971191,
    0.9878333210945129
  ],
  "val_loss": [
    0.058324184268713,
    0.05341476947069168,
    0.04472355172038078,
    0.05025886371731758,
    0.03643537685275078,
    0.03885869309306145,
    0.039502162486314774,
    0.04368901625275612
  ]
}